--Clientes
INSERT INTO CLIENTE (ID, CUIT, RAZONSOCIAL )
VALUES (1000,'10100100', 'Juan Perez');

INSERT INTO CLIENTE (ID, CUIT, RAZONSOCIAL )
VALUES (2000,'20200200', 'Raul Iriarte');

INSERT INTO CLIENTE (ID, CUIT, RAZONSOCIAL )
VALUES (3000,'30300300', 'Rosana Lirios');

INSERT INTO CLIENTE (ID, CUIT, RAZONSOCIAL )
VALUES (4000,'40400400', 'Marta Ríos');

INSERT INTO CLIENTE (ID, CUIT, RAZONSOCIAL )
VALUES (5000,'50500500', 'José Quintana');

INSERT INTO CLIENTE (ID, CUIT, RAZONSOCIAL )
VALUES (6000,'60600600', 'Juan Perez');

INSERT INTO CLIENTE (ID, CUIT, RAZONSOCIAL )
VALUES (7000,'70700700', 'Dora Barrancos');

INSERT INTO CLIENTE (ID, CUIT, RAZONSOCIAL )
VALUES (8000,'80800800', 'Laura Agosto');

INSERT INTO CLIENTE (ID, CUIT, RAZONSOCIAL )
VALUES (9000,'90900900', 'Martín Burla');

INSERT INTO CLIENTE (ID, CUIT, RAZONSOCIAL )
VALUES (10000,'11001000', 'Pedro Villa');

--Paises
INSERT INTO PAIS (NOMBRE)
VALUES ('Argentina');

--Provincias
INSERT INTO Provincia (NOMBRE, PAIS_ID)
VALUES ('Chubut', 1);

--Localidades
INSERT INTO LOCALIDAD (CP, NOMBRE, PROVINCIA_ID)
VALUES('9100', 'Trelew', 1);

INSERT INTO LOCALIDAD (CP, NOMBRE, PROVINCIA_ID)
VALUES('9120', 'Puerto Madryn', 1);

INSERT INTO LOCALIDAD (CP, NOMBRE, PROVINCIA_ID)
VALUES('9103', 'Rawson', 1);

--Domicilios entrega
INSERT INTO DOMICILIOENTREGA (ID, ALTURA , CALLE, PISODPTO , LOCALIDAD_ID )
VALUES (1001, 100, 'San Martín', '0', 1 );

INSERT INTO DOMICILIOENTREGA (ID, ALTURA , CALLE, PISODPTO , LOCALIDAD_ID )
VALUES (1002, 100, 'Belgrano', '0', 1 );

INSERT INTO DOMICILIOENTREGA (ID, ALTURA , CALLE, PISODPTO , LOCALIDAD_ID )
VALUES (2001, 200, 'Roca', '0', 2 );

INSERT INTO DOMICILIOENTREGA (ID, ALTURA , CALLE, PISODPTO , LOCALIDAD_ID )
VALUES (2002, 100, 'Roca', '0', 2);

INSERT INTO DOMICILIOENTREGA (ID, ALTURA , CALLE, PISODPTO , LOCALIDAD_ID )
VALUES (3001, 300, 'Maiz', '0', 2 );

INSERT INTO DOMICILIOENTREGA (ID, ALTURA , CALLE, PISODPTO , LOCALIDAD_ID )
VALUES (4001, 400, 'Maiz', '0', 3 );

INSERT INTO DOMICILIOENTREGA (ID, ALTURA , CALLE, PISODPTO , LOCALIDAD_ID )
VALUES (5002, 500, 'Sarmiento', '0', 2 );

INSERT INTO DOMICILIOENTREGA (ID, ALTURA , CALLE, PISODPTO , LOCALIDAD_ID )
VALUES (6001, 600, 'Av. Gales', '0', 2 );

INSERT INTO DOMICILIOENTREGA (ID, ALTURA , CALLE, PISODPTO , LOCALIDAD_ID )
VALUES (7001, 700, 'Mitre', '0', 2 );

INSERT INTO DOMICILIOENTREGA (ID, ALTURA , CALLE, PISODPTO , LOCALIDAD_ID )
VALUES (8001, 800, 'Bvd. Brown', '0', 2 );

INSERT INTO DOMICILIOENTREGA (ID, ALTURA , CALLE, PISODPTO , LOCALIDAD_ID )
VALUES (9002, 900, 'Chiquichan', '0', 2 );

INSERT INTO DOMICILIOENTREGA (ID, ALTURA , CALLE, PISODPTO ,  LOCALIDAD_ID )
VALUES (10001, 1000, 'Yrigoyen', '0', 1 );

--Union de FK's cliente ID - domicilio ID
INSERT INTO CLIENTE_DOMICILIOENTREGA (CLIENTE_ID , DOMICILIOSENTREGA_ID )
VALUES (1000, 1001);
 
INSERT INTO CLIENTE_DOMICILIOENTREGA (CLIENTE_ID , DOMICILIOSENTREGA_ID )
VALUES (1000, 1002);

INSERT INTO CLIENTE_DOMICILIOENTREGA (CLIENTE_ID , DOMICILIOSENTREGA_ID )
VALUES (2000, 2001);

INSERT INTO CLIENTE_DOMICILIOENTREGA (CLIENTE_ID , DOMICILIOSENTREGA_ID )
VALUES (2000, 2002);

INSERT INTO CLIENTE_DOMICILIOENTREGA (CLIENTE_ID , DOMICILIOSENTREGA_ID )
VALUES (3000, 3001);

INSERT INTO CLIENTE_DOMICILIOENTREGA (CLIENTE_ID , DOMICILIOSENTREGA_ID )
VALUES (4000, 4001);

INSERT INTO CLIENTE_DOMICILIOENTREGA (CLIENTE_ID , DOMICILIOSENTREGA_ID )
VALUES (5000, 5002);

INSERT INTO CLIENTE_DOMICILIOENTREGA (CLIENTE_ID , DOMICILIOSENTREGA_ID )
VALUES (6000, 6001);

INSERT INTO CLIENTE_DOMICILIOENTREGA (CLIENTE_ID , DOMICILIOSENTREGA_ID )
VALUES (7000, 7001);

INSERT INTO CLIENTE_DOMICILIOENTREGA (CLIENTE_ID , DOMICILIOSENTREGA_ID )
VALUES (8000, 8001);

INSERT INTO CLIENTE_DOMICILIOENTREGA (CLIENTE_ID , DOMICILIOSENTREGA_ID )
VALUES (9000, 9002);

INSERT INTO CLIENTE_DOMICILIOENTREGA (CLIENTE_ID , DOMICILIOSENTREGA_ID )
VALUES (10000, 10001);

--Articulos
INSERT INTO ARTICULO (CODIGO , NOMBRE , PRECIO , STOCK )
VALUES ('1000', 'remache corto', 2.3, 65);

INSERT INTO ARTICULO (CODIGO , NOMBRE , PRECIO , STOCK )
VALUES ('1001', 'remache mediano', 3.1, 750);

INSERT INTO ARTICULO (CODIGO , NOMBRE , PRECIO , STOCK )
VALUES ('2000', 'tornillo largo', 3.4, 1522);

INSERT INTO ARTICULO (CODIGO , NOMBRE , PRECIO , STOCK )
VALUES ('3000', 'lija 0.5', 0.45, 35);

INSERT INTO ARTICULO (CODIGO , NOMBRE , PRECIO , STOCK )
VALUES ('3001', 'lija 1', 0.77, 100);

INSERT INTO ARTICULO (CODIGO , NOMBRE , PRECIO , STOCK )
VALUES ('4000', 'pintura blanca x 4lts', 390, 4);

INSERT INTO ARTICULO (CODIGO , NOMBRE , PRECIO, STOCK)
VALUES ('5000', 'Machimbre 10mm', 355.25, 100);

INSERT INTO ARTICULO (CODIGO , NOMBRE , PRECIO, STOCK)
VALUES ('6000', 'Aceite de lino x 4lts', 450.10, 4);
